{
   "Air_0": {
      "value_interval": [
         -3000.0,
         -950.0
      ],
      "density": 0.00121
   },
   "Lung_1": {
      "value_interval": [
         -950.0,
         -852.884
      ],
      "density": 0.102695
   },
   "Lung_2": {
      "value_interval": [
         -852.884,
         -755.769
      ],
      "density": 0.202695
   },
   "Lung_3": {
      "value_interval": [
         -755.769,
         -658.653
      ],
      "density": 0.302695
   },
   "Lung_4": {
      "value_interval": [
         -658.653,
         -561.538
      ],
      "density": 0.402695
   },
   "Lung_5": {
      "value_interval": [
         -561.538,
         -464.422
      ],
      "density": 0.502695
   },
   "Lung_6": {
      "value_interval": [
         -464.422,
         -367.306
      ],
      "density": 0.602695
   },
   "Lung_7": {
      "value_interval": [
         -367.306,
         -270.191
      ],
      "density": 0.702695
   },
   "Lung_8": {
      "value_interval": [
         -270.191,
         -173.075
      ],
      "density": 0.802695
   },
   "Lung_9": {
      "value_interval": [
         -173.075,
         -120.0
      ],
      "density": 0.880021
   },
   "AT_AG_SI1_10": {
      "value_interval": [
         -120.0,
         -82.0
      ],
      "density": 0.926911
   },
   "AT_AG_SI2_11": {
      "value_interval": [
         -82.0,
         -52.0
      ],
      "density": 0.957382
   },
   "AT_AG_SI3_12": {
      "value_interval": [
         -52.0,
         -10.0
      ],
      "density": 0.984277
   },
   "Water": {
      "value_interval": [
         -10.0,
         8.0
      ],
      "density": 1.0
   },
   "AT_AG_SI5_14": {
      "value_interval": [
         8.0,
         19.0
      ],
      "density": 1.02955
   },
   "SoftTissus_15": {
      "value_interval": [
         19.0,
         80.0
      ],
      "density": 1.0616
   },
   "ConnectiveTissue_16": {
      "value_interval": [
         80.0,
         120.0
      ],
      "density": 1.1199
   },
   "Marrow_Bone01_17": {
      "value_interval": [
         120.0,
         200.0
      ],
      "density": 1.11115
   },
   "Marrow_Bone02_18": {
      "value_interval": [
         200.0,
         300.0
      ],
      "density": 1.16447
   },
   "Marrow_Bone03_19": {
      "value_interval": [
         300.0,
         400.0
      ],
      "density": 1.22371
   },
   "Marrow_Bone04_20": {
      "value_interval": [
         400.0,
         500.0
      ],
      "density": 1.28295
   },
   "Marrow_Bone05_21": {
      "value_interval": [
         500.0,
         600.0
      ],
      "density": 1.34219
   },
   "Marrow_Bone06_22": {
      "value_interval": [
         600.0,
         700.0
      ],
      "density": 1.40142
   },
   "Marrow_Bone07_23": {
      "value_interval": [
         700.0,
         800.0
      ],
      "density": 1.46066
   },
   "Marrow_Bone08_24": {
      "value_interval": [
         800.0,
         900.0
      ],
      "density": 1.5199
   },
   "Marrow_Bone09_25": {
      "value_interval": [
         900.0,
         1000.0
      ],
      "density": 1.57914
   },
   "Marrow_Bone10_26": {
      "value_interval": [
         1000.0,
         1100.0
      ],
      "density": 1.63838
   },
   "Marrow_Bone11_27": {
      "value_interval": [
         1100.0,
         1200.0
      ],
      "density": 1.69762
   },
   "Marrow_Bone12_28": {
      "value_interval": [
         1200.0,
         1300.0
      ],
      "density": 1.75686
   },
   "Marrow_Bone13_29": {
      "value_interval": [
         1300.0,
         1400.0
      ],
      "density": 1.8161
   },
   "Marrow_Bone14_30": {
      "value_interval": [
         1400.0,
         1500.0
      ],
      "density": 1.87534
   },
   "Marrow_Bone15_31": {
      "value_interval": [
         1500.0,
         1640.0
      ],
      "density": 1.94643
   },
   "AmalgamTooth_32": {
      "value_interval": [
         1640.0,
         1807.5
      ],
      "density": 2.03808
   },
   "AmalgamTooth_33": {
      "value_interval": [
         1807.5,
         1975.01
      ],
      "density": 2.13808
   },
   "AmalgamTooth_34": {
      "value_interval": [
         1975.01,
         2142.51
      ],
      "density": 2.23808
   },
   "AmalgamTooth_35": {
      "value_interval": [
         2142.51,
         2300.0
      ],
      "density": 2.33509
   },
   "MetallImplants_36": {
      "value_interval": [
         2300.0,
         2467.5
      ],
      "density": 2.4321
   },
   "MetallImplants_37": {
      "value_interval": [
         2467.5,
         2635.01
      ],
      "density": 2.5321
   },
   "MetallImplants_38": {
      "value_interval": [
         2635.01,
         2802.51
      ],
      "density": 2.6321
   },
   "MetallImplants_39": {
      "value_interval": [
         2802.51,
         2970.02
      ],
      "density": 2.7321
   },
   "MetallImplants_40": {
      "value_interval": [
         2970.02,
         7000.0
      ],
      "density": 2.79105
   }
}