{
  "0": [721.51674914678, -904.4647473484264, 282.9888936248422],
  "1": [1382.6228528610757, -1512.2005232599688, 393.26305429553776],
  "2": [620.9255878942012, -853.1115410700191, 286.4321299932761],
  "3": [347.450192018151, -630.0955909904305, 276.5264087185907]
}
